{
  "hash": "0dae9e34",
  "configHash": "54ef3a6d",
  "lockfileHash": "760e9c31",
  "browserHash": "990fde33",
  "optimized": {
    "@angular/common": {
      "src": "../../../../../node_modules/@angular/common/fesm2022/common.mjs",
      "file": "@angular_common.js",
      "fileHash": "1875e99c",
      "needsInterop": false
    },
    "@angular/common/http": {
      "src": "../../../../../node_modules/@angular/common/fesm2022/http.mjs",
      "file": "@angular_common_http.js",
      "fileHash": "8799580d",
      "needsInterop": false
    },
    "@angular/core": {
      "src": "../../../../../node_modules/@angular/core/fesm2022/core.mjs",
      "file": "@angular_core.js",
      "fileHash": "d02e0e5a",
      "needsInterop": false
    },
    "@angular/forms": {
      "src": "../../../../../node_modules/@angular/forms/fesm2022/forms.mjs",
      "file": "@angular_forms.js",
      "fileHash": "b616d27b",
      "needsInterop": false
    },
    "@angular/platform-browser": {
      "src": "../../../../../node_modules/@angular/platform-browser/fesm2022/platform-browser.mjs",
      "file": "@angular_platform-browser.js",
      "fileHash": "6ed35f57",
      "needsInterop": false
    },
    "@angular/router": {
      "src": "../../../../../node_modules/@angular/router/fesm2022/router.mjs",
      "file": "@angular_router.js",
      "fileHash": "abee2e56",
      "needsInterop": false
    },
    "jwt-decode": {
      "src": "../../../../../node_modules/jwt-decode/build/esm/index.js",
      "file": "jwt-decode.js",
      "fileHash": "d399e9ab",
      "needsInterop": false
    },
    "rxjs": {
      "src": "../../../../../node_modules/rxjs/dist/esm5/index.js",
      "file": "rxjs.js",
      "fileHash": "a2fcfe22",
      "needsInterop": false
    }
  },
  "chunks": {
    "chunk-KC4FUVWT": {
      "file": "chunk-KC4FUVWT.js"
    },
    "chunk-KKGOIOFQ": {
      "file": "chunk-KKGOIOFQ.js"
    },
    "chunk-SCLXSE37": {
      "file": "chunk-SCLXSE37.js"
    },
    "chunk-JESM3E3O": {
      "file": "chunk-JESM3E3O.js"
    },
    "chunk-WEUX34ES": {
      "file": "chunk-WEUX34ES.js"
    },
    "chunk-WDMUDEB6": {
      "file": "chunk-WDMUDEB6.js"
    }
  }
}